row_id,bucket,original_priority,feature,source_status,area,comparison_citation,primary_package,decision_flags,planning_note
314,Release 1,R1-001,Multi-tenant hosted service,BUILT-in-app,Platform,"MP §3, ""Postgres multi-tenancy with 25 tables RLS-enabled and FORCEd""",W01,D12,
219,Release 1,R1-002,Shop profile,BUILT-in-app,Shop settings,"MP PF-1, ""A new shop signs up and reaches an empty till""",W17,,
209,Release 1,R1-003,Staff user accounts,BUILT-in-app,"Staff, hours and leave","MP TILL-5, ""`is_owner` gates the eight team routes only""",W02,,
210,Release 1,R1-004,Role model beyond owner/staff,IN-SPEC (not built),"Staff, hours and leave","MP TILL-5; AC §6 ACC-04/ACC-08, ""Define command-level rights and actor attribution""",W02,D12,
217,Release 1,R1-005,Staff deactivation with live-session revocation,IN-SPEC (not built),"Staff, hours and leave",AC-55,W02,D12,
176,Release 1,R1-006,Customer records,BUILT-in-app,Customers and items,"MP §3, ""till, inventory, sales history … customer booking portal""",W02,,
177,Release 1,R1-007,"Customer search by last name, email or phone",BUILT-in-app,Customers and items,MP §3; WS §4 W0 item 3 describes phone matching in guest booking,W02,,
181,Release 1,R1-008,Customer detail view,BUILT-in-app,Customers and items,MP §3 (customer records and sales history),W02,,
184,Release 1,R1-009,Bike/item as a first-class record,BUILT-in-app,Customers and items,"WS §1, ""We already have `customer_bikes` as a first-class entity""",W02,,
200,Release 1,R1-010,Bookable service catalogue with name and category,IN-SPEC (not built),Service types,"AC §6 BOOK-04, ""portal uses bookable services""",W04,,
201,Release 1,R1-011,Service cost,BUILT-in-app,Service types,"AC-23 fixture, ""A service has a saved price""; MP §3 (till and inventory)",W04,,
202,Release 1,R1-012,Service duration,IN-SPEC (not built),Service types,"AC-07, ""UI and server agree on the selected service's duration""; AC-23 snapshot rule",W04,,
105,Release 1,R1-013,Eleven workshop statuses,IN-SPEC (not built),"Statuses, SLA and workflow rules","WS §2 ""five statuses""; AC §6 JOB-02/JOB-19, ""Separate booking/work/payment/custody states and allowed transitions""",W03,D09,
63,Release 1,R1-014,Digital work order / job card,BUILT-in-app,Job card,"WS §2, ""Have — five statuses, no state machine, no history""",W03,,
65,Release 1,R1-015,Human-readable job number,IN-SPEC (not built),Job card,"AC §6 JOB-14–15, ""Stable job reference … distinct from database ID""",W03,,
66,Release 1,R1-016,Minimum job-card number setting,NOT-MENTIONED,Job card,—,W03,D10,
211,Release 1,R1-017,Per-technician working-hours grid,IN-SPEC (not built),"Staff, hours and leave",AC-19; AC §6 CAL-07–13,W05,,
213,Release 1,R1-018,Shop closing dates / bank holidays,IN-SPEC (not built),"Staff, hours and leave","AC-19, ""a bank holiday is added""",W05,,
212,Release 1,R1-019,Staff leave,IN-SPEC (not built),"Staff, hours and leave","AC-19, ""A mechanic is ill""",W05,,
214,Release 1,R1-020,Recurring blocks (lunch),IN-SPEC (not built),"Staff, hours and leave","AC-19, ""lunch becomes a recurring block""",W05,,
41,Release 1,R1-021,Opening-hours clamping server-side,IN-SPEC (not built),Calendar / diary,"MP DS-8, ""03:00 rejected""",W05,,
42,Release 1,R1-022,Working-day / closed-day blocking server-side,IN-SPEC (not built),Calendar / diary,"MP DS-8, ""closed Sunday rejected""",W05,,
36,Release 1,R1-023,Per-day hours-available strip per technician,IN-SPEC (not built),Calendar / diary,AC-19; HT§10 item 7 (staff hours/leave driving the availability strip),W06,,
48,Release 1,R1-024,Capacity gate on customer booking,BUILT-in-app,Calendar / diary,"WS §2, ""server-side capacity gate""",W05,,
25,Release 1,R1-025,Arrival lead time before opening,IN-SPEC (not built),Booking widget / customer front door,AC-20,W05,,
4,Release 1,R1-026,Booking lead-time in days setting,NOT-MENTIONED,Booking widget / customer front door,—,W05,,
27,Release 1,R1-027,Workshop diary with per-mechanic columns,BUILT-in-app,Calendar / diary,"MP §3 ""Real and working"": ""workshop diary with per-mechanic columns""",W06,,
32,Release 1,R1-028,Technicians as calendar resource rows,BUILT-in-app,Calendar / diary,"MP §3, per-mechanic columns",W06,,
28,Release 1,R1-029,Day view,BUILT-in-app,Calendar / diary,"MP §3 (diary); PD ""Devices"", scheduling on a larger screen",W06,,
43,Release 1,R1-030,5 / 15 / 30-minute calendar grid,NOT-MENTIONED,Calendar / diary,—,W06,,
39,Release 1,R1-031,Drag-to-reschedule,BUILT-in-app,Calendar / diary,MP §3 diary; WS §1 notes staff-move rules exist in `public/app.js`,W06,,
33,Release 1,R1-032,Sort calendar resources,NOT-MENTIONED,Calendar / diary,—,W06,,
35,Release 1,R1-033,Per-technician Configure control,NOT-MENTIONED,Calendar / diary,—,W06,,
29,Release 1,R1-034,Week view,NOT-MENTIONED,Calendar / diary,—,W06,,
31,Release 1,R1-035,Month view,NOT-MENTIONED,Calendar / diary,—,W06,,
37,Release 1,R1-036,Colour-coded status legend on the calendar,NOT-MENTIONED,Calendar / diary,—,W06,,
38,Release 1,R1-037,Renameable status labels on the calendar,NOT-MENTIONED,Calendar / diary,"AC §6 JOB-02/JOB-19 defines states, not renaming",W06,,
46,Release 1,R1-038,Show original booking date on the calendar,NOT-MENTIONED,Calendar / diary,—,W06,,
47,Release 1,R1-039,Bike type shown on the calendar card,NOT-MENTIONED,Calendar / diary,—,W06,,
49,Release 1,R1-040,Drop-off day reserves capacity without promising a start time,BUILT-in-prototype,Calendar / diary,"PD ""Booking""; OV P-04; AC-16",W05,D06,
50,Release 1,R1-041,Reschedule refused when capacity is gone,BUILT-in-prototype,Calendar / diary,"OV §""Also proven"", ""Sam has no remaining capacity that day.""",W05,,
64,Release 1,R1-042,Job card opens as a modal over the list,BUILT-in-prototype,Job card,"OV P-06, ""inspection dialog"" layout checks",W11,,
67,Release 1,R1-043,Scheduled date-time on the card,BUILT-in-app,Job card,MP §3 diary,W11,,
68,Release 1,R1-044,Technician assignment on the card,BUILT-in-prototype,Job card,"PD ""Work allocation""; OV P-05, ""Assigned to Jack""",W11,,
70,Release 1,R1-045,Item/bike chip on the card,BUILT-in-app,Job card,"WS §1, `customer_bikes` is a first-class entity",W11,,
76,Release 1,R1-046,"Attachments panel, drag-and-drop, 20MB cap",BUILT-in-app,Job card,MP DS-9 names attachments as an existing surface needing tests,W11,D11,
73,Release 1,R1-047,Status dropdown on the card,BUILT-in-app,Job card,"WS §2, five statuses",W11,,
84,Release 1,R1-048,"Product search by name, SKU or other",BUILT-in-app,Job card,"WS §2, ""Parts drawn from inventory onto a job — Have""",W11,,
85,Release 1,R1-049,All / Service Types filter on product search,NOT-MENTIONED,Job card,—,W11,,
86,Release 1,R1-050,Line items with SKU and price,BUILT-in-app,Job card,WS §2; WS §4 W2 blocker on `sale_document_items`,W11,,
87,Release 1,R1-051,Tax and total on the card,BUILT-in-app,Job card,MP §3 (till); MP TILL-4 notes VAT is not yet stored data,W11,,
93,Release 1,R1-052,Barcode exact-match auto-add,NOT-MENTIONED,Job card,—,W11,,
98,Release 1,R1-053,SKU groups on the card,NOT-MENTIONED,Job card,—,W11,D10,
80,Release 1,R1-054,Move job control,BUILT-in-app,Job card,MP §3 diary (drag-to-reschedule),W11,,
99,Release 1,R1-055,"Update-an-item dialog (manufacturer, model, year, colour, serial, size, type)",IN-SPEC (not built),Job card,WS §4 W3 item 14; MP BIKE-1,W11,D06,
100,Release 1,R1-056,Select a different item on the job,NOT-MENTIONED,Job card,—,W11,D06,
96,Release 1,R1-057,Service-writer shown on the card,NOT-MENTIONED,Job card,—,W11,,
103,Release 1,R1-058,Customer-level service history (job with no bike),IN-SPEC (not built),Job card,WS §4 W1 item 8; MP WS-4,W03,,
104,Release 1,R1-059,"Job status history — who changed what, when",IN-SPEC (not built),Job card,WS §4 W1 item 6; MP WS-1,W03,,
92,Release 1,R1-060,Lock job card on collection,IN-SPEC (not built),Job card,"WS §4 W0 item 1, ""rejecting edits to a completed job""; MP DS-8",W03,D09,
122,Release 1,R1-061,Reopen a completed job,IN-SPEC (not built),"Statuses, SLA and workflow rules","AC-28; AC §6 JOB-02/JOB-19, ""reopen preserves history""",W03,D09,
123,Release 1,R1-062,Stale-edit / concurrent-edit conflict handling,IN-SPEC (not built),"Statuses, SLA and workflow rules",AC-10; AC §6 JOB-23/CAL-10,W03,D09,
97,Release 1,R1-063,Ctrl+Enter to send,NOT-MENTIONED,Job card,—,W07,,
106,Release 1,R1-064,Every status label renameable,NOT-MENTIONED,"Statuses, SLA and workflow rules",—,W03,D09,
108,Release 1,R1-065,Waiting-for-parts status,BUILT-in-prototype,"Statuses, SLA and workflow rules","PD ""Delays""; OV P-10",W03,,
109,Release 1,R1-066,Waiting-for-client status,NOT-MENTIONED,"Statuses, SLA and workflow rules",—,W03,,
110,Release 1,R1-067,Warranty job status,IN-SPEC (not built),"Statuses, SLA and workflow rules","AC-24, ""performs a free warranty repair""",W03,D09,
111,Release 1,R1-068,Cancelled status,IN-SPEC (not built),"Statuses, SLA and workflow rules","WS §4 W1 item 9, ""there is no rejected or cancelled status""",W03,,
112,Release 1,R1-069,Bike Ready distinct from Collected,BUILT-in-prototype,"Statuses, SLA and workflow rules","PD ""Completion""; OV P-11",W03,,
118,Release 1,R1-070,Promised-ready time distinct from drop-off date,IN-SPEC (not built),"Statuses, SLA and workflow rules",AC §6 JOB-14–15,W03,D09,
121,Release 1,R1-071,Job tags,NOT-MENTIONED,"Statuses, SLA and workflow rules",HT§10 item 6,W03,,
117,Release 1,R1-072,SLA counter: past scheduled date,NOT-MENTIONED,"Statuses, SLA and workflow rules",—,W03,D09,
113,Release 1,R1-073,SLA counter: waiting for parts > 4 days,NOT-MENTIONED,"Statuses, SLA and workflow rules",—,W03,D09,
114,Release 1,R1-074,SLA counter: waiting for client > 1 day,NOT-MENTIONED,"Statuses, SLA and workflow rules",—,W03,D09,
115,Release 1,R1-075,SLA counter: work > 2 days,NOT-MENTIONED,"Statuses, SLA and workflow rules",—,W03,D09,
116,Release 1,R1-076,SLA counter: complete > 2 days,NOT-MENTIONED,"Statuses, SLA and workflow rules",—,W03,D09,
154,Release 1,R1-077,Email as a notification channel,IN-SPEC (not built),Messaging — channels,"WS §2, ""Email does not exist anywhere in the codebase""; MP PL-14",W07,D05,
155,Release 1,R1-078,SMS as a notification channel,BUILT-in-app,Messaging — channels,"WS §2, ""SMS is manual, one call site, no templates""; MP WS-2, Twilio sender in `server/sms.js`",W07,,
164,Release 1,R1-079,Storage of shop-supplied provider credentials,IN-SPEC (not built),Messaging — channels,"CT §6.3 consequence 1, ""We will store customer API credentials""",W07,D05,
157,Release 1,R1-080,Bring-your-own Twilio,IN-SPEC (not built),Messaging — channels,"CT §6.3, ""bring your own, not resold by us""; AC-50",W07,D05,
152,Release 1,R1-081,Message log with delivery state and provider id,BUILT-in-app,Messaging — templates,"MP WS-2, ""`customer_messages` carrying direction/status/`provider_sid`/error""",W07,,
75,Release 1,R1-082,Messages panel on the job with compose,BUILT-in-prototype,Job card,"PD ""Conversations""; OV P-09",W07,,
162,Release 1,R1-083,Customer choice of updates and channels,BUILT-in-prototype,Messaging — channels,"PD ""Notifications""; OV P-08",W07,D05,
160,Release 1,R1-084,WhatsApp channel,BUILT-in-prototype (simulated),Messaging — channels,"PD ""Notifications"", simulate email, SMS, WhatsApp; OV P-08",W07,D05,
161,Release 1,R1-085,Unified inbox across channels,NOT-MENTIONED,Messaging — channels,—,W07,D05,
124,Release 1,R1-086,"Per-status automated message templates, toggle-able",IN-SPEC (not built),Messaging — templates,"WS §2, ""Automated SMS/email on status change — Absent""; WS §4 W1 item 5; MP WS-2",W07,D05,
126,Release 1,R1-087,Booked In template,IN-SPEC (not built),Messaging — templates,"MP WS-2, ""Booking confirmation … send and are logged""",W07,,
127,Release 1,R1-088,"Booking Reminder (24 h before, configurable)",IN-SPEC (not built),Messaging — templates,"AC §6 COM-04/07/09, ""Separate event notifications, appointment reminders and service marketing""",W07,D05,
153,Release 1,R1-089,Ready-for-collection message,IN-SPEC (not built),Messaging — templates,MP WS-2 done-condition,W07,,
125,Release 1,R1-090,Pickup / Bike Picked Up templates,NOT-MENTIONED,Messaging — templates,HT§10 lists pick-up/delivery as deferrable,W07,D05,
128,Release 1,R1-091,Collection Reminder,NOT-MENTIONED,Messaging — templates,—,W07,D05,
137,Release 1,R1-092,Job Completed template,IN-SPEC (not built),Messaging — templates,"MP CX-5, the job-done email sent on completion",W07,,
139,Release 1,R1-093,Delivery template with a book-delivery link,NOT-MENTIONED,Messaging — templates,HT§10 deferrable,W07,D05,
166,Release 1,R1-094,Send quote to the customer,BUILT-in-prototype,Quotes and approval,"PD ""Inspection"", propose additional work with estimated costs; OV P-06",W08,D02,
167,Release 1,R1-095,Customer approves or declines individual lines,BUILT-in-prototype,Quotes and approval,"PD ""Authorisation""; OV P-06; also IN-SPEC as MP INS-2",W08,D02,
174,Release 1,R1-096,Declined lines excluded from the total,BUILT-in-prototype,Quotes and approval,"OV P-06, ""declined excluded from the total""",W08,D02,
175,Release 1,R1-097,Re-proposal keeps settled lines,BUILT-in-prototype,Quotes and approval,"OV P-06, ""a new proposal keeps settled lines and replaces only the undecided one""",W08,D02,
168,Release 1,R1-098,Pre-approved spending amount that skips the ask,BUILT-in-prototype,Quotes and approval,"PD ""Authorisation""; OV P-07, £65 under a £100 limit",W08,D02,
94,Release 1,R1-099,Quote updates the service type,NOT-MENTIONED,Job card,—,W08,D06,
133,Release 1,R1-100,Quote Approval template with an approval link,IN-SPEC (not built),Messaging — templates,"WS §4 W1 item 4, ""approval links""; WS §4 W2 item 12; MP INS-2",W08,,
203,Release 1,R1-101,Linked SKUs auto-added to the quote,NOT-MENTIONED,Service types,—,W04,,
204,Release 1,R1-102,Allow widget / app booking per service type,BUILT-in-prototype,Service types,"OV P-03, per-service acceptance rules",W04,,
191,Release 1,R1-103,Reusable checklist templates per shop,IN-SPEC (not built),Checklists and service questions,WS §4 W2 item 10; MP INS-1,W09,,
192,Release 1,R1-104,"Checklist item control types (checkbox, value box)",NOT-MENTIONED,Checklists and service questions,—,W09,,
193,Release 1,R1-105,Pre-service checklist shown at book-in,NOT-MENTIONED,Checklists and service questions,HT§10 item 5,W09,,
195,Release 1,R1-106,Front-and-rear checklist flag,NOT-MENTIONED,Checklists and service questions,—,W09,,
196,Release 1,R1-107,Checklist item label colour,NOT-MENTIONED,Checklists and service questions,—,W09,,
199,Release 1,R1-108,"Custom service questions (text, textarea, checkbox), drag-and-drop",NOT-MENTIONED,Checklists and service questions,—,W09,,
220,Release 1,R1-109,Enable / disable online bookings,IN-SPEC (not built),Shop settings,"AC-04, ""public booking stays unavailable with a useful message until prerequisites exist""",W10,,
1,Release 1,R1-110,Online customer self-booking into a shop calendar,BUILT-in-app,Booking widget / customer front door,"WS §2 table, ""Us today"" = ""Have — portal, guest booking by phone, server-side capacity gate""",W10,,
3,Release 1,R1-111,Guest booking with no account,BUILT-in-prototype,Booking widget / customer front door,"PD ""Customer entry""; OV P-02",W10,,
2,Release 1,R1-112,Embeddable website widget (iframe or URL),NOT-MENTIONED,Booking widget / customer front door,no spec mention of an embeddable widget; MP WEB-1 covers a marketing site only,W10,,
6,Release 1,R1-113,Pre-selected service type or service group on the widget,NOT-MENTIONED,Booking widget / customer front door,—,W10,D10,
8,Release 1,R1-114,Show prices on the widget,IN-SPEC (not built),Booking widget / customer front door,"AC §6 BOOK-04, ""honors price visibility""",W10,,
21,Release 1,R1-115,Service-specific acceptance rules,BUILT-in-prototype,Booking widget / customer front door,"OV P-03, ""per-service rules: routine auto, unknown reviewed""",W10,,
20,Release 1,R1-116,Instant confirmation vs shop review before confirmation,BUILT-in-prototype,Booking widget / customer front door,"PD ""Acceptance""; OV P-03",W10,,
22,Release 1,R1-117,Pending-request expiry / review deadline,IN-SPEC (not built),Booking widget / customer front door,"AC-12, AC-14; AC §6 BOOK-06–08",W10,,
24,Release 1,R1-118,Shop reject with a reason,IN-SPEC (not built),Booking widget / customer front door,WS §4 W1 item 9; MP WS-5,W10,,
23,Release 1,R1-119,Customer cancel and reschedule,IN-SPEC (not built),Booking widget / customer front door,WS §4 W1 item 9; MP WS-5,W10,,
17,Release 1,R1-120,Free-text problem description in the customer's own words,BUILT-in-prototype,Booking widget / customer front door,"PD ""Customer entry""; OV P-02",W10,,
18,Release 1,R1-121,Customer photo/video attachment at request time,BUILT-in-prototype,Booking widget / customer front door,"PD ""Customer entry""; OV P-02, both camera and file-library inputs",W10,D11,
19,Release 1,R1-122,Customer return-access link (progress link),BUILT-in-prototype,Booking widget / customer front door,"PD ""Return access""; OV P-12 (token rotation on reset)",W10,,
16,Release 1,R1-123,Custom service questions asked on the widget,NOT-MENTIONED,Booking widget / customer front door,—,W10,,
7,Release 1,R1-124,Additional-info and payment-info free text on the widget,NOT-MENTIONED,Booking widget / customer front door,—,W10,,
14,Release 1,R1-125,Widget theme colours and 22 fonts,NOT-MENTIONED,Booking widget / customer front door,—,W10,D10,
11,Release 1,R1-126,Show pre-approved amount on the widget,IN-SPEC (not built),Booking widget / customer front door,"PD ""Authorisation"", advance permission up to a spending limit (built in prototype, not on a public widget)",W10,,
52,Release 1,R1-127,"KPI tiles (Open Jobs, Bike Ready, Cancelled, Bike Is Here, I Need Help)",NOT-MENTIONED,Job list (Services),—,W11,D06,
53,Release 1,R1-128,Status filter chips,NOT-MENTIONED,Job list (Services),—,W11,D06,
54,Release 1,R1-129,Job list search,NOT-MENTIONED,Job list (Services),—,W11,D06,
56,Release 1,R1-130,Column: technician,BUILT-in-app,Job list (Services),"MP §3, per-mechanic diary columns imply assignment",W11,,
62,Release 1,R1-131,Shared queue jobs staff can take,BUILT-in-prototype,Job list (Services),"PD ""Work allocation""; OV P-05",W11,,
221,Release 1,R1-132,Tax-inclusive toggle and rate,IN-SPEC (not built),Shop settings,"MP TILL-4, ""VAT as stored data""; AC-29",W04,D10,
222,Release 1,R1-133,Allow discounts,BUILT-in-app,Shop settings,AC-30 references discounted parts on an invoice; MP §3 (till),W04,D10,
232,Release 1,R1-134,Online customer payment (Stripe connect),IN-SPEC (not built),"Payments, deposits and coupons","MP CX-4, ""Pay in one tap""; MP §10.4, payments architecture open and blocking",W12,,
238,Release 1,R1-135,Payment recorded at the counter vs an open payment link,IN-SPEC (not built),"Payments, deposits and coupons",AC-31,W12,,
236,Release 1,R1-136,Invoicing from the job,IN-SPEC (not built),"Payments, deposits and coupons","MP CX-3; AC-29, AC-30",W12,,
237,Release 1,R1-137,"Refunds, voids and returns",IN-SPEC (not built),"Payments, deposits and coupons","MP TILL-1; CT §6.3, ""the till has no refunds, voids or returns""",W12,,
26,Release 1,R1-138,Deposit taken during online booking,EXPLICITLY-DEFERRED,Booking widget / customer front door,"WS §4 ""Deliberately deferred"": ""Deposits at booking""",W12,D04,Conflicts with Later row 233; preserve original buckets pending D04.
240,Release 1,R1-139,Third-party partner responsible for payment on a job,NOT-MENTIONED,Third parties (insurer / employer payers),HT§10 lists third-party payers as deferrable,W12,D10,
282,Release 1,R1-140,Connect to an external till,IN-SPEC (not built),POS integration,"MP §1 (Lightspeed first, coexistence); AC §6 ""Missing: external account connection""",W13,D07,
283,Release 1,R1-141,Lightspeed R-Series work-order sync,IN-SPEC (not built),POS integration,"MP §1 point 3, ""R-Series is the integration target""; CT §6.4 open item 2",W13,D07,
285,Release 1,R1-142,"Inventory adjusted on part add/remove, returned on cancel",IN-SPEC (not built),POS integration,"AC-36, ""Specify reservation, invoice, payment and stock ownership at each step""",W13,D07,
288,Release 1,R1-143,POS product / inventory sync page,IN-SPEC (not built),POS integration,"AC-42, ""Work orders sync but inventory fails for an hour""",W13,D07,
287,Release 1,R1-144,Technician mapped to a POS employee,NOT-MENTIONED,POS integration,—,W13,D07,
291,Release 1,R1-145,Disconnect and credential revocation,IN-SPEC (not built),POS integration,"AC-47; AC §6 ""Missing: external account connection""",W13,D07,
292,Release 1,R1-146,Visible sync freshness / degraded operation,IN-SPEC (not built),POS integration,"AC-42; AC §6 ""Missing: visible degraded operation""",W13,D07,
284,Release 1,R1-147,Lightspeed X-Series support,IN-SPEC (not built),POS integration,AC-03; CT §6.4 open item 2,W13,D07,
294,Release 1,R1-148,Receipt / job-card printing,BUILT-in-app,Printing,"MP §3, ""Electron print agent""",W14,D11,
78,Release 1,R1-149,Print the job card,BUILT-in-app,Job card,"MP §3, ""Electron print agent""; MP PF-3",W14,,
79,Release 1,R1-150,Print job tag automatically after book-in,NOT-MENTIONED,Job card,HT§10 item 6,W14,D11,Related automatic print mechanism to row 298; job-tag output must be verified separately.
298,Release 1,R1-151,Print automatically after book-in,NOT-MENTIONED,Printing,—,W14,D11,Related automatic print mechanism to row 79; resolve output contract.
297,Release 1,R1-152,Work-order barcode that opens the job,NOT-MENTIONED,Printing,—,W14,,
179,Release 1,R1-153,Customer CSV import,IN-SPEC (not built),Customers and items,"HT§10 item 9 for parity; AC-44, AC-45 for the required semantics",W15,,Same customer import implementation as row 276.
276,Release 1,R1-154,Customer CSV import,IN-SPEC (not built),Imports and migration,"AC-44, AC-45",W15,,Same customer import implementation as row 179.
278,Release 1,R1-155,Import row quarantine on malformed data,IN-SPEC (not built),Imports and migration,AC-43,W15,,
279,Release 1,R1-156,"Resumable, checkpointed import",IN-SPEC (not built),Imports and migration,"AC-39; AC §6 ""Missing: sync integrity""",W15,,
182,Release 1,R1-157,Duplicate-customer detection and merge,IN-SPEC (not built),Customers and items,MP WS-8; AC §6 CUS-05/CUS-08,W15,D03,
183,Release 1,R1-158,Phone-number match creating identity,EXPLICITLY-DEFERRED,Customers and items,"WS §4 W0 item 3 and MP DS-7 remove it; AC-44, ""Phone or name similarity never automatically grants identity""",W02,D03,
258,Release 1,R1-159,"Bookings reports (daily snapshot, booked-in detail, by platform, by day-hour)",NOT-MENTIONED,Reports,—,W16,D10,
273,Release 1,R1-160,VAT / tax reporting,IN-SPEC (not built),Reports,MP TILL-4; AC §6 DONE-04/REP-05,W16,D10,
271,Release 1,R1-161,"Workshop financials (revenue and labour per technician, AOV, turnover, parts, job-card breakdown)",EXPLICITLY-DEFERRED,Reports,"WS §4 ""Deliberately deferred"": ""technician efficiency and commission reporting""; WS §2 names it as unclaimed",W16,D10,
264,Release 1,R1-162,Group / multi-store capacity reports,EXPLICITLY-DEFERRED,Reports,"MP §6, multi-site frozen until after G3",W16,D08,
223,Release 1,R1-163,Store type,NOT-MENTIONED,Shop settings,—,W17,,
224,Release 1,R1-164,GDPR marketing-consent prompt and text,IN-SPEC (not built),Shop settings,WS §5 rules 6 and 7; MP §9,W17,D12,
225,Release 1,R1-165,Free-text merge tag,NOT-MENTIONED,Shop settings,—,W07,,
228,Release 1,R1-166,Workshop notification settings,BUILT-in-prototype,Shop settings,"PD ""Notifications"", sensible defaults; PD ""Remaining prototype details""",W07,,
229,Release 1,R1-167,Workshop-only mode (job without a till sale),BUILT-in-app (partial),Shop settings,"MP PF-2, ""the mechanism works — `skipAutoOrder` … Missing is the *mode*""",W03,,
248,Release 1,R1-168,Custody tracked separately from work and payment,BUILT-in-prototype,Pick-up and delivery,"PD ""Completion""; PD constraint 6; OV P-11",W03,D09,
253,Release 1,R1-169,Bike Sale product module,BUILT-in-app,Bike sale,"MP §3, ""till, inventory, sales history"" (a bike is stock like any product)",W11,D10,
316,Release 1,R1-170,Public status page and error tracking,IN-SPEC (not built),Platform,MP PL-13,W18,D12,
317,Release 1,R1-171,Point-in-time recovery and a tested restore,IN-SPEC (not built),Platform,"MP PL-2, PL-3; AC-60",W18,D12,
315,Release 1,R1-172,Chain / multi-store data model,EXPLICITLY-DEFERRED,Platform,"MP §6, multi-site frozen until after G3; AC §6 ACC-09",W01,D08,
13,Later,Later,Facebook Pixel on the widget,NOT-MENTIONED,Booking widget / customer front door,HT§10 lists Pixel as deferrable,,,
12,Later,Later,Google Tag Manager on the widget,NOT-MENTIONED,Booking widget / customer front door,HT§10 lists GTM as deferrable,,,
10,Later,Later,Allow coupon entry at booking,NOT-MENTIONED,Booking widget / customer front door,"Coupons named ""plausibly deferrable"", HT§10",,,
5,Later,Later,Widget language selection,NOT-MENTIONED,Booking widget / customer front door,—,,,
40,Later,Later,Server-side overlap prevention on staff moves,IN-SPEC (not built),Calendar / diary,WS §1 and §4 W0 item 1; MP DS-8 (D9),,D09,Later; existing staff sequential overlap checks already present. Preserve them; atomic customer reservation is W05.
71,Later,Later,Link another job (several jobs per visit),NOT-MENTIONED,Job card,—,,,
72,Later,Later,Schedule multiple jobs per customer in one pass,NOT-MENTIONED,Job card,—,,,
74,Later,Later,Send-to / share icon,NOT-MENTIONED,Job card,—,,,
77,Later,Later,QR code to upload from a mobile device,NOT-MENTIONED,Job card,—,,,
81,Later,Later,Internal notes (employees only),IN-SPEC (not built),Job card,WS §4 W1 item 7; MP WS-3,,,
82,Later,Later,External notes tier,IN-SPEC (not built),Job card,"WS §4 W0 item 3, ""single `notes` field … with no internal/visible split""",,,
83,Later,Later,Customer-visible notes tier,IN-SPEC (not built),Job card,MP WS-3,,,
88,Later,Later,Total expressed as time and money,IN-SPEC (not built),Job card,"MP CX-0 ""Labour lines — a time and a rate""; AC §6 JOB-12–13",,,
89,Later,Later,Job timer start/stop on the card,NOT-MENTIONED,Job card,HT§10 item 3,,,
90,Later,Later,Globally floating active-timer widget,NOT-MENTIONED,Job card,—,,,
91,Later,Later,Checklist alerts that block closing the job,IN-SPEC (not built),Job card,MP INS-1; HT§10 item 5,,,
101,Later,Later,Service History tab on the item,BUILT-in-app,Job card,"WS §2, ""Service history on repeat visits — Partial, per bike only""",,,
102,Later,Later,Service history across other stores in a chain,EXPLICITLY-DEFERRED,Job card,"MP §6, multi-site frozen until after G3; AC §6 ACC-09",,D08,
107,Later,Later,Explicit allowed transitions (state machine),IN-SPEC (not built),"Statuses, SLA and workflow rules","WS §2, ""no state machine""; AC §6 JOB-02",,D09,"Later; W03 proposes validated commands, not a configurable workflow editor."
120,Later,Later,Workshop bays as a first-class field,NOT-MENTIONED,"Statuses, SLA and workflow rules",HT§10 item 6,,,
131,Later,Later,Warranty Work Started template,NOT-MENTIONED,Messaging — templates,—,,,
132,Later,Later,Waiting for Client template,NOT-MENTIONED,Messaging — templates,—,,,
129,Later,Later,Waiting for Work template,NOT-MENTIONED,Messaging — templates,—,,,
130,Later,Later,Job Started template,NOT-MENTIONED,Messaging — templates,—,,,
134,Later,Later,Multi Quote Approval template,NOT-MENTIONED,Messaging — templates,HT§10 lists multi-quote options as deferrable,,,
135,Later,Later,Waiting for Parts template,IN-SPEC (not built),Messaging — templates,"MP WS-2, ""waiting-for-parts messages send and are logged""",,,
136,Later,Later,"Waiting for Parts - Delay, automatic after 96 h",NOT-MENTIONED,Messaging — templates,—,,,
138,Later,Later,Bike Collected template,NOT-MENTIONED,Messaging — templates,—,,,
140,Later,Later,Delivery Booked template,NOT-MENTIONED,Messaging — templates,—,,,
141,Later,Later,6-month service reminder,IN-SPEC (not built),Messaging — templates,"MP WS-6, ""Service reminders … sent on a schedule from the bike's job history""",,,
142,Later,Later,Post-service follow-up (3 days after),IN-SPEC (not built),Messaging — templates,AC §6 COM-04/07/09,,,
143,Later,Later,12-month reminder if no service since,IN-SPEC (not built),Messaging — templates,MP WS-6,,,
144,Later,Later,Pre-approved message,BUILT-in-prototype,Messaging — templates,"PD ""Authorisation"", advance permission up to a spending limit; OV P-07",,,
145,Later,Later,Bike-not-collected message and reminder,NOT-MENTIONED,Messaging — templates,—,,,
147,Later,Later,Waiver Signed message,NOT-MENTIONED,Messaging — templates,HT§10 lists waivers as deferrable,,,
149,Later,Later,Bike Sale and Bike Sale Follow-up messages,NOT-MENTIONED,Messaging — templates,—,,,
150,Later,Later,"Configurable timers behind the templates (reminder hours, follow-up days, 6/12 months, 2-then-4 days)",NOT-MENTIONED,Messaging — templates,—,,D05,
151,Later,Later,Suppression / opt-out rechecked at send time,IN-SPEC (not built),Messaging — templates,AC-51; WS §5 rules 6 and 7,,D05,Later; send-time preference enforcement proposed under D05.
158,Later,Later,Bring-your-own Ikeono,NOT-MENTIONED,Messaging — channels,—,,,
159,Later,Later,Bring-your-own Podium,NOT-MENTIONED,Messaging — channels,—,,,
165,Later,Later,Provider-balance / revoked-credential error surface,IN-SPEC (not built),Messaging — channels,AC-50,,D05,Later; actionable provider failure handling proposed under D05.
170,Later,Later,Multi-quote options,NOT-MENTIONED,Quotes and approval,HT§10 deferrable,,,
172,Later,Later,Send quote to the POS,IN-SPEC (not built),Quotes and approval,"AC-36; AC §6 ""Missing: external account connection""",,D07,
178,Later,Later,No browsable customer list,IN-SPEC (not built),Customers and items,MP WS-8 implies a staff-side customer list (merge queue),,,
180,Later,Later,Referral code on the customer,NOT-MENTIONED,Customers and items,—,,,
185,Later,Later,"Item fields: manufacturer, model, year, colour, size, type",IN-SPEC (not built),Customers and items,WS §4 W3 item 14; MP BIKE-1,,D06,
187,Later,Later,Transfer a bike between customers,NOT-MENTIONED,Customers and items,—,,,
188,Later,Later,Duplicate-serial detection,IN-SPEC (not built),Customers and items,"AC §6 BIKE-07, ""Duplicate serial detection is not proof of identity or ownership""",,,
189,Later,Later,Project 529 Garage stolen-bike check,NOT-MENTIONED,Customers and items,WS §5 rule 11 and MP §10.5 discuss registries (Bike Index) but not 529,,,
190,Later,Later,Bike spec autofill from a data source,IN-SPEC (not built),Customers and items,"WS §3; MP BIKE-2, blocked on 99spokes terms",,,
194,Later,Later,All-services checklist flag,NOT-MENTIONED,Checklists and service questions,—,,,
197,Later,Later,Checklist attached per service type,NOT-MENTIONED,Checklists and service questions,—,,,
198,Later,Later,Photos per inspection item,IN-SPEC (not built),Checklists and service questions,WS §4 W2 item 11; MP CX-2,,,
205,Later,Later,Per-channel service description,NOT-MENTIONED,Service types,—,,,
206,Later,Later,Per-service-type technician list,NOT-MENTIONED,Service types,—,,,
207,Later,Later,Per-service-type message template,NOT-MENTIONED,Service types,—,,,
208,Later,Later,Price and duration snapshotted at booking,IN-SPEC (not built),Service types,AC-23,,D02,Later; W04 proposes amount/duration snapshots as necessary internal correctness. Resolve explicitly before dependent implementation.
216,Later,Later,Two-factor authentication (Google Authenticator),IN-SPEC (not built),"Staff, hours and leave","AC §6 ACC-06, ""select supported factors and recovery policy explicitly""",,,
226,Later,Later,Trustpilot / Google Reviews URLs,NOT-MENTIONED,Shop settings,—,,,
230,Later,Later,Subscription management page,EXPLICITLY-DEFERRED,Shop settings,"MP BIL-1, ""Not before G3""; CT §6.3, software completely free",,,
231,Later,Later,Published tiered pricing (Lite / Professional / Premium),EXPLICITLY-DEFERRED,Shop settings,"CT §6.3; PD ""Purpose and commercial position"", pricing undecided",,,
233,Later,Later,Take a deposit during online booking,EXPLICITLY-DEFERRED,"Payments, deposits and coupons","WS §4 ""Deliberately deferred"": ""Deposits at booking""",,D04,"Same booking deposit as R1 row 26; pending D04, not silently promoted."
234,Later,Later,"Coupons (code, redeem method, type, value, expiry, redemptions)",NOT-MENTIONED,"Payments, deposits and coupons",HT§10 deferrable,,,
235,Later,Later,Gift cards,EXPLICITLY-DEFERRED,"Payments, deposits and coupons","AC-46, gift balances must be explicitly handled or cutover blocked; MP §6 does not include them",,,
239,Later,Later,Billing stub separated from real settlement,BUILT-in-prototype,"Payments, deposits and coupons","PD ""Billing""; OV P-11, ""billing stub is present and disabled""",,,
241,Later,Later,"""Send to third party only"" for quote approval",NOT-MENTIONED,Third parties (insurer / employer payers),—,,,
242,Later,Later,Pick-ups and deliveries scheduling module,NOT-MENTIONED,Pick-up and delivery,HT§10 lists pick-up and delivery scheduling as deferrable,,,
243,Later,Later,Pick-ups nav section and setup flow,NOT-MENTIONED,Pick-up and delivery,—,,,
244,Later,Later,Customer books a delivery from a link,NOT-MENTIONED,Pick-up and delivery,—,,,Later; R1 delivery-link template 139 requires a real external destination or explicit decision.
245,Later,Later,Collections options,IN-SPEC (not built),Pick-up and delivery,"AC §6 ""Missing: workshop custody"" — ""collection and authorized collector""",,,
247,Later,Later,Authorised-collector verification,IN-SPEC (not built),Pick-up and delivery,"AC-34, ""Payment does not prove collection authority""",,,
254,Later,Later,Bike-sale follow-up nudging a service,IN-SPEC (not built),Bike sale,"MP WS-6, service reminders from job history",,,
255,Later,Later,Pre-service waiver signed on the widget before scheduling,NOT-MENTIONED,Waivers,HT§10 lists waivers as deferrable,,,
256,Later,Later,Post-service waiver with optional technician and manager signature,NOT-MENTIONED,Waivers,—,,,
257,Later,Later,A named report catalogue with date ranges,NOT-MENTIONED,Reports,AC §6 DONE-04/REP-05 addresses one VAT report only,,,
261,Later,Later,"Export reports (customers, products, services, work orders)",IN-SPEC (not built),Reports,"MP TILL-3; AC-62, staff-assisted export",,,
262,Later,Later,"Financial reports (future work, invoices paid)",NOT-MENTIONED,Reports,—,,,
263,Later,Later,Gift-card reports,NOT-MENTIONED,Reports,—,,,
265,Later,Later,Inventory-on-incomplete-jobs report,NOT-MENTIONED,Reports,—,,,
266,Later,Later,Item manufacturer split report,NOT-MENTIONED,Reports,—,,,
267,Later,Later,Referral report,NOT-MENTIONED,Reports,—,,,
268,Later,Later,Item sales report,BUILT-in-app,Reports,"MP §3, ""sales history, dashboard""",,,
270,Later,Later,Time-in-status summary and detail,NOT-MENTIONED,Reports,HT§10 item 8,,,
272,Later,Later,"Workshop performance (ratings, turnaround, availability, services performed)",EXPLICITLY-DEFERRED,Reports,"WS §4 ""Deliberately deferred""",,,
274,Later,Later,Jobs-per-shop-per-week usage dashboard,IN-SPEC (not built),Reports,MP DP-5,,,
275,Later,Later,Excel job-import template,IN-SPEC (not built),Imports and migration,"HT§10 item 9; AC §6 ""Missing: migration readiness""",,,
277,Later,Later,Historical sales / refunds / notification history import,IN-SPEC (not built),Imports and migration,"AC-45, ""No current stock deduction, new tax calculation, message send""",,,
280,Later,Later,Cutover authority and rollback limit,IN-SPEC (not built),Imports and migration,"AC-48; AC §6 ""Missing: migration readiness""",,D07,Later; W13 must not promise till cutover; safe ownership/reconciliation for live writes still required.
281,Later,Later,Live till integration and migration,EXPLICITLY-DEFERRED (prototype),Imports and migration,"PD ""Deferred beyond the prototype""",,D07,
289,Later,Later,Vend / Shopify / Xero / Teamwork connectors,BUILT-in-app (Shopify only),POS integration,"MP §3, ""Shopify integration""",,,
290,Later,Later,Citrus-Lime connector,EXPLICITLY-DEFERRED,POS integration,"MP §1, ""Build for Lightspeed, not Citrus-Lime""; CT §6.2",,,
293,Later,Later,Purchase orders with split deliveries,BUILT-in-app,POS integration,"MP §3, ""purchase orders with split deliveries""",,,
295,Later,Later,Receipt Designer (template editor),NOT-MENTIONED,Printing,HT§10 lists the receipt template designer as deferrable,,,
296,Later,Later,"Print options: logo, checklist, line barcode, QR",NOT-MENTIONED,Printing,—,,,
303,Later,Later,In-app changelog,IN-SPEC (not built),Community and referral,"MP WEB-1, the public website includes a changelog; MP §7, Jack owns the changelog",,,
304,Later,Later,In-app help centre,IN-SPEC (not built),Community and referral,"MP WEB-1, ""help""",,,
305,Later,Later,Service ratings by the customer,NOT-MENTIONED,Community and referral,—,,,
306,Later,Later,Technician leaderboard,EXPLICITLY-DEFERRED,Community and referral,"WS §4 ""Deliberately deferred"": technician efficiency reporting",,,
307,Later,Later,"Browser-based shop side, no native staff app",IN-SPEC (not built),Mobile and devices,"WS §2, ""Mobile/tablet access — Partial: browser only, not designed for the shop floor""",,D11,
308,Later,Later,Fully responsive shop and customer surfaces,BUILT-in-prototype,Mobile and devices,"PD ""Devices""; OV P-13, layout checks at 320/390/768/1440px",,D11,
310,Later,Later,Phone camera capture of media,BUILT-in-prototype (device capture unproven),Mobile and devices,"OV change 2 and OV ""Not proven"", ""Physical-phone camera capture""",,D11,
311,Later,Later,QR route to upload from a phone,NOT-MENTIONED,Mobile and devices,—,,,
15,Not for us,No,"Customer picks a date only, no time of day",IN-SPEC (not built),Booking widget / customer front door,"PD ""Booking"": shops choose exact appointments or day-based drop-offs — ours offers both; AC-18",,D06,"No; D06 proposes interpreting this as rejecting date-only-exclusive booking, retaining R1 drop-off mode."
9,Not for us,No,"""Where did you hear about us"" capture",NOT-MENTIONED,Booking widget / customer front door,—,,,
30,Not for us,No,2-week view,NOT-MENTIONED,Calendar / diary,—,,,
34,Not for us,No,Per-technician iCal subscription link,NOT-MENTIONED,Calendar / diary,—,,,
44,Not for us,No,Labour goals shown on the calendar,NOT-MENTIONED,Calendar / diary,—,,,
45,Not for us,No,Labour totals and revenue on the day slide-out,NOT-MENTIONED,Calendar / diary,—,,,
51,Not for us,No,Job list as a table,BUILT-in-app,Job list (Services),"MP §3 (workshop diary and jobs); WS §2 ""Digital work order with status""",,D06,
55,Not for us,No,Job list CSV export,IN-SPEC (not built),Job list (Services),"MP TILL-3, ""CSV export of everything""",,,
57,Not for us,No,Column: original booking date,NOT-MENTIONED,Job list (Services),HT§10 item 4 names original date as parity,,,
58,Not for us,No,Column: days since original date (ageing),NOT-MENTIONED,Job list (Services),HT§10 item 4,,,
59,Not for us,No,Bulk cancel,NOT-MENTIONED,Job list (Services),—,,,
60,Not for us,No,Bulk collect,NOT-MENTIONED,Job list (Services),—,,,
61,Not for us,No,Bulk complete,NOT-MENTIONED,Job list (Services),—,,,
69,Not for us,No,Service type on the card,IN-SPEC (not built),Job card,"AC §6 BOOK-04, ""portal uses bookable services, snapshots duration""",,D06,
95,Not for us,No,"""Bike is here"" default",IN-SPEC (not built),Job card,"AC §6 ""Missing: workshop custody"" — check-in, ready, collection",,,
119,Not for us,No,Revised completion estimate visible to the customer,BUILT-in-prototype,"Statuses, SLA and workflow rules","PD ""Delays""; OV P-10",,,
146,Not for us,No,Delivery-not-booked message and reminder,NOT-MENTIONED,Messaging — templates,—,,,
148,Not for us,No,"Fitting message set (booked, reminder, completed, 6-month follow-up, waiver)",NOT-MENTIONED,Messaging — templates,HT§10 lists fittings as deferrable,,,
156,Not for us,No,Resold SMS credit bundles,EXPLICITLY-DEFERRED,Messaging — channels,"CT §6.3, ""Rejected alternative: reselling messaging credits""",,,
163,Not for us,No,Message bundles page,EXPLICITLY-DEFERRED,Messaging — channels,"CT §6.3 (no resale, therefore no bundles)",,,
169,Not for us,No,Approval bound to an immutable estimate version,IN-SPEC (not built),Quotes and approval,AC-26; PD constraint 5; AC §6 INS-04–05,,D02,"No; version-bound approval is proposed internal requirement, pending D02."
171,Not for us,No,"""Send to third party only"" for approval",NOT-MENTIONED,Quotes and approval,—,,,
173,Not for us,No,Approved lines flow into the job's order with no re-entry,IN-SPEC (not built),Quotes and approval,WS §4 W2 item 13; MP INS-3,,D02,No; D02 must decide reviewed application of approved work; no automatic order transfer assumed.
186,Not for us,No,Serial number on the item,BUILT-in-app,Customers and items,"WS §4 W3 item 14, ""Index `serial_number`; it currently has no index""",,D06,No; do not delete existing serial data; D06 resolves item editor overlap.
215,Not for us,No,Technician count capped by subscription tier,NOT-MENTIONED,"Staff, hours and leave","CT §6.3, software is completely free",,,
218,Not for us,No,Mechanic cannot operate the till but can edit work,IN-SPEC (not built),"Staff, hours and leave",AC-25,,,"No; specific mechanic preset excluded, W02 still needs an explicit permissions matrix."
227,Not for us,No,Insight report emails (daily productivity and finance),NOT-MENTIONED,Shop settings,—,,,
246,Not for us,No,Vehicle utilisation reporting,NOT-MENTIONED,Pick-up and delivery,—,,,
249,Not for us,No,Bike fitting as a distinct service line,NOT-MENTIONED,Bike fittings,HT§10 lists fittings as deferrable,,,
250,Not for us,No,"Fitting statuses (Appointment scheduled, Fitting completed)",NOT-MENTIONED,Bike fittings,—,,,
251,Not for us,No,Bike Fittings setup page,NOT-MENTIONED,Bike fittings,—,,,
252,Not for us,No,Fitting waivers,NOT-MENTIONED,Bike fittings,—,,,
259,Not for us,No,"""How did they hear about us"" report",NOT-MENTIONED,Reports,—,,,
260,Not for us,No,Customer and retention reports,NOT-MENTIONED,Reports,—,,,
269,Not for us,No,Rescheduled-bookings report,NOT-MENTIONED,Reports,—,,,
286,Not for us,No,Special orders originating in the workshop system,IN-SPEC (not built),POS integration,"AC §6 PUR-06/JOB-11, ""define one job-to-purchase relationship and its receiving/replanning lifecycle""",,,
299,Not for us,No,Signed one-page print-agent installer,IN-SPEC (not built),Printing,"MP PF-3, ""Partial … it is explicitly unsigned""; AC §6 FD-05/HW-04",,D11,
300,Not for us,No,In-product community feed,IN-SPEC (not built),Community and referral,"MP FOR-1, community forum private to design partners; AC §6 FD-05",,,
301,Not for us,No,Shop Rides widget,NOT-MENTIONED,Community and referral,HT§10 lists community posts and rides as deferrable,,,
302,Not for us,No,Refer & Earn / referral earnings,NOT-MENTIONED,Community and referral,HT§10 lists referral earnings as deferrable,,,
309,Not for us,No,Mechanic inspection on a phone,BUILT-in-prototype,Mobile and devices,"PD ""Inspection""; OV P-06",,D11,
312,Not for us,No,Consumer-facing rider app,EXPLICITLY-DEFERRED,Mobile and devices,"MP §6, ""the rider-owned shareable bike record"" frozen until after G3",,,
313,Not for us,No,Workshop display screens,EXPLICITLY-DEFERRED,Mobile and devices,"WS §4 ""Deliberately deferred"": ""workshop display screens""",,,
